YEAR,MONTH,STATE_NAME,STATE_CODE,CO2_QTY_TONNES,TF,NOTE
2010,1,ALBANIA,LA,8318.42,821,FALSE
2010,1,ARMENIA,UD,13456.676,662,FALSE
2010,1,AUSTRIA,LO,171535.234,14972,FALSE
2010,1,BELGIUM,EB,309092.823,11546,FALSE
2010,1,BOSNIA AND HERZEGOVINA,LQ,2887.9950000000003,478,FALSE
2010,1,BULGARIA,LB,34760.876000000004,2177,FALSE
2010,1,CANARY ISLANDS,GC,254688.439,13494,FALSE
2010,1,CROATIA,LD,12141.849,1956,FALSE
2010,1,CYPRUS,LC,47704.344,1789,FALSE
2010,1,CZECHIA,LK,68318.753,6256,FALSE
2010,1,DENMARK,EK,184601.73,12996,TRUE
2010,1,FINLAND,EF,160290.692,10592,FALSE
2010,1,FRANCE,LF,1467158.577,68257,FALSE
2010,1,GERMANY,ED,2067437.027,80421,FALSE
2010,1,GREECE,LG,142515.501,14377,FALSE
2010,1,HUNGARY,LH,48575.838,3851,FALSE
2010,1,ICELAND,BI,12064.188,1117,FALSE
2010,1,IRELAND,EI,150363.827,8920,FALSE
2010,1,ITALY,LI,899660.529,60178,FALSE
2010,1,KOSOVO,BK,7746.907,599,FALSE
2010,1,LIECHTENSTEIN,LS,0.34700000000000003,1,FALSE
2010,1,LITHUANIA,EY,12874.972,1414,FALSE
2010,1,LUXEMBOURG,EL,89324.883,1916,FALSE
2010,1,MALTA,LM,16447.512000000002,909,FALSE
2010,1,"MOLDOVA, REPUBLIC OF",LU,4626.296,448,FALSE
2010,1,MONACO,LN,6.215,14,FALSE
2010,1,MONTENEGRO,LY,4208.656,577,FALSE
2010,1,NETHERLANDS,EH,718585.1900000001,18317,FALSE
2010,1,NORTH MACEDONIA,LW,3648.76,440,FALSE
2010,1,NORWAY,EN,192277.836,28332,TRUE
2010,1,POLAND,EP,107673.58,10530,FALSE
2010,1,PORTUGAL,LP,226468.511,10881,TRUE
2010,1,ROMANIA,LR,64663.55,6182,FALSE
2010,1,SERBIA,LY,14327.666000000001,1555,FALSE
2010,1,SLOVAKIA,LZ,9049.322,1291,FALSE
2010,1,SLOVENIA,LJ,7481.515,1308,FALSE
2010,1,SPAIN,LE,940913.456,52687,FALSE
2010,1,SWEDEN,ES,201565.851,18178,FALSE
2010,1,SWITZERLAND,LS,358901.792,19656,FALSE
2010,1,TÜRKIYE,LT,490284.613,25816,FALSE
2010,1,UNITED KINGDOM,EG,2367956.025,82530,TRUE
2010,2,ALBANIA,LA,6279.474,668,FALSE
2010,2,ARMENIA,UD,11213.872,558,FALSE
2010,2,AUSTRIA,LO,157908.074,14307,FALSE
2010,2,BELGIUM,EB,296550.797,11404,FALSE
2010,2,BOSNIA AND HERZEGOVINA,LQ,2482.9210000000003,451,FALSE
2010,2,BULGARIA,LB,27457.117,1964,FALSE
2010,2,CANARY ISLANDS,GC,227947.191,11951,FALSE
2010,2,CROATIA,LD,10904.556,1783,FALSE
2010,2,CYPRUS,LC,43851.886,1620,FALSE
2010,2,CZECHIA,LK,61726.203,5815,FALSE
2010,2,DENMARK,EK,176059.292,13106,TRUE
2010,2,FINLAND,EF,149032.862,11028,FALSE
2010,2,FRANCE,LF,1322141.955,65510,FALSE
2010,2,GERMANY,ED,1894780.332,80004,FALSE
2010,2,GREECE,LG,121075.499,12138,FALSE
2010,2,HUNGARY,LH,44322.036,3662,FALSE
2010,2,ICELAND,BI,10586.769,1183,FALSE
2010,2,IRELAND,EI,134731.068,8518,FALSE
2010,2,ITALY,LI,815751.944,57901,FALSE
2010,2,KOSOVO,BK,6320.104,518,FALSE
2010,2,LITHUANIA,EY,12228.327000000001,1389,FALSE
2010,2,LUXEMBOURG,EL,89562.606,1914,FALSE
2010,2,MALTA,LM,14674.217,823,FALSE
2010,2,"MOLDOVA, REPUBLIC OF",LU,3789.6310000000003,382,FALSE
2010,2,MONACO,LN,5.626,14,FALSE
2010,2,MONTENEGRO,LY,3385.183,523,FALSE
2010,2,NETHERLANDS,EH,652994.273,18106,FALSE
2010,2,NORTH MACEDONIA,LW,2521.933,349,FALSE
2010,2,NORWAY,EN,187177.792,27889,TRUE
2010,2,POLAND,EP,99531.672,10140,FALSE
2010,2,PORTUGAL,LP,201179.888,9971,TRUE
2010,2,ROMANIA,LR,59045.257,5854,FALSE
2010,2,SERBIA,LY,12615.653,1458,FALSE
2010,2,SLOVAKIA,LZ,8202.339,1191,FALSE
2010,2,SLOVENIA,LJ,6999.286,1231,FALSE
2010,2,SPAIN,LE,876956.531,52810,FALSE
2010,2,SWEDEN,ES,198829.319,20050,FALSE
2010,2,SWITZERLAND,LS,321563.617,18895,FALSE
2010,2,TÜRKIYE,LT,460389.996,23862,FALSE
2010,2,UNITED KINGDOM,EG,2205308.93,83403,TRUE
2010,3,ALBANIA,LA,7085.252,754,FALSE
2010,3,ARMENIA,UD,13872.043,694,FALSE
2010,3,AUSTRIA,LO,178533.13,16547,FALSE
2010,3,BELGIUM,EB,343344.38,13509,FALSE
2010,3,BOSNIA AND HERZEGOVINA,LQ,2950.4480000000003,522,FALSE
2010,3,BULGARIA,LB,30412.445,2201,FALSE
2010,3,CANARY ISLANDS,GC,257478.167,14235,FALSE
2010,3,CROATIA,LD,14382.412,2186,FALSE
2010,3,CYPRUS,LC,58812.401,2134,FALSE
2010,3,CZECHIA,LK,73533.375,7070,FALSE
2010,3,DENMARK,EK,200270.998,15481,TRUE
2010,3,FINLAND,EF,171467.106,12526,FALSE
2010,3,FRANCE,LF,1556602.471,82478,FALSE
2010,3,GERMANY,ED,2307261.059,98446,FALSE
2010,3,GREECE,LG,147184.607,14730,FALSE
2010,3,HUNGARY,LH,55853.239,4452,FALSE
2010,3,ICELAND,BI,10782.895,1244,FALSE
2010,3,IRELAND,EI,161997.299,9831,FALSE
2010,3,ITALY,LI,954000.917,68340,FALSE
2010,3,KOSOVO,BK,7123.5,593,FALSE
2010,3,LIECHTENSTEIN,LS,0.34700000000000003,1,FALSE
2010,3,LITHUANIA,EY,16018.592,1684,FALSE
2010,3,LUXEMBOURG,EL,100978.654,2279,FALSE
2010,3,MALTA,LM,19354.707000000002,1018,FALSE
2010,3,"MOLDOVA, REPUBLIC OF",LU,4337.759,431,FALSE
2010,3,MONACO,LN,11.685,29,FALSE
2010,3,MONTENEGRO,LY,3880.8160000000003,611,FALSE
2010,3,NETHERLANDS,EH,747928.705,22367,FALSE
2010,3,NORTH MACEDONIA,LW,3142.3880000000004,421,FALSE
2010,3,NORWAY,EN,211578.975,31034,TRUE
2010,3,POLAND,EP,122098.845,12035,FALSE
2010,3,PORTUGAL,LP,235014.076,11664,TRUE
2010,3,ROMANIA,LR,67186.995,6948,FALSE
2010,3,SERBIA,LY,14390.774000000001,1749,FALSE
2010,3,SLOVAKIA,LZ,8732.43,1365,FALSE
2010,3,SLOVENIA,LJ,7967.109,1520,FALSE
2010,3,SPAIN,LE,1030351.451,61548,FALSE
2010,3,SWEDEN,ES,232268.697,23782,FALSE
2010,3,SWITZERLAND,LS,359183.108,21172,FALSE
2010,3,TÜRKIYE,LT,550764.217,28010,FALSE
2010,3,UNITED KINGDOM,EG,2489660.24,94268,TRUE
2010,4,ALBANIA,LA,7131.174,753,FALSE
2010,4,ARMENIA,UD,14906.83,710,FALSE
2010,4,AUSTRIA,LO,168227.276,14177,FALSE
2010,4,BELGIUM,EB,284626.404,11033,FALSE
2010,4,BOSNIA AND HERZEGOVINA,LQ,3239.472,498,FALSE
2010,4,BULGARIA,LB,30851.687,2098,FALSE
2010,4,CANARY ISLANDS,GC,219628.848,12926,FALSE
2010,4,CROATIA,LD,20387.296,2609,FALSE
2010,4,CYPRUS,LC,67261.344,2340,FALSE
2010,4,CZECHIA,LK,71708.119,6424,FALSE
2010,4,DENMARK,EK,160932.064,11709,TRUE
2010,4,FINLAND,EF,123628.73300000001,8811,FALSE
2010,4,FRANCE,LF,1416960.002,72001,FALSE
2010,4,GERMANY,ED,1964997.841,79768,FALSE
2010,4,GREECE,LG,182136.141,16357,FALSE
2010,4,HUNGARY,LH,51470.773,4107,FALSE
2010,4,ICELAND,BI,9705.845000000001,1071,FALSE
2010,4,IRELAND,EI,130188.616,7747,FALSE
2010,4,ITALY,LI,930763.918,65447,FALSE
2010,4,KOSOVO,BK,6471.781,518,FALSE
2010,4,LIECHTENSTEIN,LS,0.34700000000000003,1,FALSE
2010,4,LITHUANIA,EY,14250.387,1498,FALSE
2010,4,LUXEMBOURG,EL,91674.926,1963,FALSE
2010,4,MALTA,LM,24011.922,1274,FALSE
2010,4,"MOLDOVA, REPUBLIC OF",LU,4711.728,464,FALSE
2010,4,MONACO,LN,24.526,56,FALSE
2010,4,MONTENEGRO,LY,4443.841,665,FALSE
2010,4,NETHERLANDS,EH,658222.875,19627,FALSE
2010,4,NORTH MACEDONIA,LW,3226.16,414,FALSE
2010,4,NORWAY,EN,173875.442,25043,TRUE
2010,4,POLAND,EP,110356.994,10028,FALSE
2010,4,PORTUGAL,LP,261426.468,12398,TRUE
2010,4,ROMANIA,LR,65804.326,6671,FALSE
2010,4,SERBIA,LY,13393.834,1639,FALSE
2010,4,SLOVAKIA,LZ,8535.842,1177,FALSE
2010,4,SLOVENIA,LJ,6601.716,1082,FALSE
2010,4,SPAIN,LE,1143950.203,64157,FALSE
2010,4,SWEDEN,ES,178956.479,16803,FALSE
2010,4,SWITZERLAND,LS,312859.396,17001,FALSE
2010,4,TÜRKIYE,LT,599237.141,29441,FALSE
2010,4,UNITED KINGDOM,EG,2138337.883,77403,TRUE
2010,5,ALBANIA,LA,7697.427000000001,813,FALSE
2010,5,ARMENIA,UD,18961.726000000002,889,FALSE
2010,5,AUSTRIA,LO,199480.482,16877,FALSE
2010,5,BELGIUM,EB,350393.694,14142,FALSE
2010,5,BOSNIA AND HERZEGOVINA,LQ,3676.7630000000004,584,FALSE
2010,5,BULGARIA,LB,44699.700000000004,2930,FALSE
2010,5,CANARY ISLANDS,GC,191647.224,12832,FALSE
2010,5,CROATIA,LD,36060.964,3958,FALSE
2010,5,CYPRUS,LC,98539.359,3149,FALSE
2010,5,CZECHIA,LK,87794.346,7942,FALSE
2010,5,DENMARK,EK,211545.853,15706,TRUE
2010,5,FINLAND,EF,161189.121,12222,FALSE
2010,5,FRANCE,LF,1681384.446,86887,FALSE
2010,5,GERMANY,ED,2488474.248,104083,FALSE
2010,5,GREECE,LG,323494.106,21055,FALSE
2010,5,HUNGARY,LH,61226.889,4848,FALSE
2010,5,ICELAND,BI,10315.86,1126,FALSE
2010,5,IRELAND,EI,166328.382,9938,FALSE
2010,5,ITALY,LI,1087672.131,77766,FALSE
2010,5,KOSOVO,BK,8411.586000000001,642,FALSE
2010,5,LITHUANIA,EY,18205.288,1882,FALSE
2010,5,LUXEMBOURG,EL,112354.688,2381,FALSE
2010,5,MALTA,LM,29399.591,1558,FALSE
2010,5,"MOLDOVA, REPUBLIC OF",LU,6333.037,629,FALSE
2010,5,MONACO,LN,26.426000000000002,73,FALSE
2010,5,MONTENEGRO,LY,7715.8330000000005,890,FALSE
2010,5,NETHERLANDS,EH,824625.39,24407,FALSE
2010,5,NORTH MACEDONIA,LW,3938.12,493,FALSE
2010,5,NORWAY,EN,231440.882,31193,TRUE
2010,5,POLAND,EP,146602.69,13077,FALSE
2010,5,PORTUGAL,LP,280359.855,13445,TRUE
2010,5,ROMANIA,LR,83608.658,7635,FALSE
2010,5,SERBIA,LY,17580.586,2016,FALSE
2010,5,SLOVAKIA,LZ,10597.347,1452,FALSE
2010,5,SLOVENIA,LJ,10513.25,1677,FALSE
2010,5,SPAIN,LE,1274947.198,72914,FALSE
2010,5,SWEDEN,ES,236221.034,22799,FALSE
2010,5,SWITZERLAND,LS,371844.985,20569,FALSE
2010,5,TÜRKIYE,LT,817268.209,38221,FALSE
2010,5,UNITED KINGDOM,EG,2764675.729,100256,TRUE
2010,6,ALBANIA,LA,8689.703,910,FALSE
2010,6,ARMENIA,UD,21274.225,987,FALSE
2010,6,AUSTRIA,LO,200717.59,17435,FALSE
2010,6,BELGIUM,EB,347029.788,14506,FALSE
2010,6,BOSNIA AND HERZEGOVINA,LQ,4449.57,684,FALSE
2010,6,BULGARIA,LB,71285.878,4283,FALSE
2010,6,CANARY ISLANDS,GC,192138.473,12663,FALSE
2010,6,CROATIA,LD,46583.546,4521,FALSE
2010,6,CYPRUS,LC,99553.16,3185,FALSE
2010,6,CZECHIA,LK,100199.143,8684,FALSE
2010,6,DENMARK,EK,226060.677,16822,TRUE
2010,6,FINLAND,EF,166824.039,12018,FALSE
2010,6,FRANCE,LF,1686963.524,89888,FALSE
2010,6,GERMANY,ED,2457469.22,106474,FALSE
2010,6,GREECE,LG,395641.776,24242,FALSE
2010,6,HUNGARY,LH,65325.856,5154,FALSE
2010,6,ICELAND,BI,18313.825,1529,FALSE
2010,6,IRELAND,EI,190386.236,10958,FALSE
2010,6,ITALY,LI,1132813.938,81590,FALSE
2010,6,KOSOVO,BK,8382.147,670,FALSE
2010,6,LIECHTENSTEIN,LS,0.34700000000000003,1,FALSE
2010,6,LITHUANIA,EY,18406.66,1827,FALSE
2010,6,LUXEMBOURG,EL,99107.071,2467,FALSE
2010,6,MALTA,LM,30300.825,1635,FALSE
2010,6,"MOLDOVA, REPUBLIC OF",LU,6562.849,640,FALSE
2010,6,MONACO,LN,27.493000000000002,64,FALSE
2010,6,MONTENEGRO,LY,12569.887999999999,1154,FALSE
2010,6,NETHERLANDS,EH,814180.131,24929,FALSE
2010,6,NORTH MACEDONIA,LW,4685.098,554,FALSE
2010,6,NORWAY,EN,246943.942,33344,TRUE
2010,6,POLAND,EP,173032.12,14287,FALSE
2010,6,PORTUGAL,LP,293490.639,14050,TRUE
2010,6,ROMANIA,LR,86971.535,8029,FALSE
2010,6,SERBIA,LY,20160.202,2194,FALSE
2010,6,SLOVAKIA,LZ,16506.93,1814,FALSE
2010,6,SLOVENIA,LJ,12356.211,1747,FALSE
2010,6,SPAIN,LE,1320996.864,74839,FALSE
2010,6,SWEDEN,ES,243869.867,23016,FALSE
2010,6,SWITZERLAND,LS,374336.117,20858,FALSE
2010,6,TÜRKIYE,LT,884081.853,40608,FALSE
2010,6,UNITED KINGDOM,EG,2784041.289,105568,TRUE
2010,7,ALBANIA,LA,11910.345,1149,FALSE
2010,7,ARMENIA,UD,22388.596,1105,FALSE
2010,7,AUSTRIA,LO,208427.094,17583,FALSE
2010,7,BELGIUM,EB,374229.422,14640,FALSE
2010,7,BOSNIA AND HERZEGOVINA,LQ,5421.042,723,FALSE
2010,7,BULGARIA,LB,87782.769,5190,FALSE
2010,7,CANARY ISLANDS,GC,216114.55000000002,13750,FALSE
2010,7,CROATIA,LD,58511.423,5637,FALSE
2010,7,CYPRUS,LC,104990.417,3386,FALSE
2010,7,CZECHIA,LK,110840.069,8768,FALSE
2010,7,DENMARK,EK,241492.61000000002,15474,TRUE
2010,7,FINLAND,EF,160366.026,9335,FALSE
2010,7,FRANCE,LF,1864305.813,91747,FALSE
2010,7,GERMANY,ED,2588814.723,106493,FALSE
2010,7,GREECE,LG,457339.913,27705,FALSE
2010,7,HUNGARY,LH,70631.802,5595,FALSE
2010,7,ICELAND,BI,20900.564,1625,FALSE
2010,7,IRELAND,EI,209430.623,11794,FALSE
2010,7,ITALY,LI,1235128.44,89431,FALSE
2010,7,KOSOVO,BK,11832.035,847,FALSE
2010,7,LIECHTENSTEIN,LS,0.34700000000000003,1,FALSE
2010,7,LITHUANIA,EY,19118.648,1777,FALSE
2010,7,LUXEMBOURG,EL,99177.882,2451,FALSE
2010,7,MALTA,LM,32924.583,1777,FALSE
2010,7,"MOLDOVA, REPUBLIC OF",LU,7080.416,678,FALSE
2010,7,MONACO,LN,37.404,89,FALSE
2010,7,MONTENEGRO,LY,16157.415,1465,FALSE
2010,7,NETHERLANDS,EH,893929.245,25494,FALSE
2010,7,NORTH MACEDONIA,LW,6390.819,654,FALSE
2010,7,NORWAY,EN,238839.49,27316,TRUE
2010,7,POLAND,EP,183166.336,14333,FALSE
2010,7,PORTUGAL,LP,332494.157,15893,TRUE
2010,7,ROMANIA,LR,93140.814,8307,FALSE
2010,7,SERBIA,LY,23979.064,2555,FALSE
2010,7,SLOVAKIA,LZ,18335.992,1942,FALSE
2010,7,SLOVENIA,LJ,13947.304,1818,FALSE
2010,7,SPAIN,LE,1476462.692,81474,FALSE
2010,7,SWEDEN,ES,223320.41,17092,FALSE
2010,7,SWITZERLAND,LS,401748.431,21684,FALSE
2010,7,TÜRKIYE,LT,970489.217,45368,FALSE
2010,7,UNITED KINGDOM,EG,2979184.472,110434,TRUE
2010,8,ALBANIA,LA,14275.452000000001,1336,FALSE
2010,8,ARMENIA,UD,22863.388,1097,FALSE
2010,8,AUSTRIA,LO,202127.028,17043,FALSE
2010,8,BELGIUM,EB,366957.794,13982,FALSE
2010,8,BOSNIA AND HERZEGOVINA,LQ,4702.682,668,FALSE
2010,8,BULGARIA,LB,90372.409,5226,FALSE
2010,8,CANARY ISLANDS,GC,224982.922,13782,FALSE
2010,8,CROATIA,LD,59130.107,5693,FALSE
2010,8,CYPRUS,LC,106437.112,3506,FALSE
2010,8,CZECHIA,LK,110870.276,8796,FALSE
2010,8,DENMARK,EK,236138.003,16180,TRUE
2010,8,FINLAND,EF,163478.542,11275,FALSE
2010,8,FRANCE,LF,1831038.714,84359,FALSE
2010,8,GERMANY,ED,2578898.048,102472,FALSE
2010,8,GREECE,LG,465990.36,28779,FALSE
2010,8,HUNGARY,LH,72030.433,5454,FALSE
2010,8,ICELAND,BI,20832.278,1623,FALSE
2010,8,IRELAND,EI,199790.171,11386,FALSE
2010,8,ITALY,LI,1248727.817,85540,FALSE
2010,8,KOSOVO,BK,11489.835,863,FALSE
2010,8,LITHUANIA,EY,18316.748,1733,FALSE
2010,8,LUXEMBOURG,EL,99675.313,2290,FALSE
2010,8,MALTA,LM,33429.419,1816,FALSE
2010,8,"MOLDOVA, REPUBLIC OF",LU,7860.14,736,FALSE
2010,8,MONACO,LN,29.357000000000003,68,FALSE
2010,8,MONTENEGRO,LY,16955.548000000003,1545,FALSE
2010,8,NETHERLANDS,EH,883884.759,24682,FALSE
2010,8,NORTH MACEDONIA,LW,6027.908,651,FALSE
2010,8,NORWAY,EN,242322.764,30958,TRUE
2010,8,POLAND,EP,177202.06,14087,FALSE
2010,8,PORTUGAL,LP,335918.373,16165,TRUE
2010,8,ROMANIA,LR,90308.279,8167,FALSE
2010,8,SERBIA,LY,23656.121,2565,FALSE
2010,8,SLOVAKIA,LZ,17976.434,1833,FALSE
2010,8,SLOVENIA,LJ,14471.706,1862,FALSE
2010,8,SPAIN,LE,1476005.966,79200,FALSE
2010,8,SWEDEN,ES,236326.414,20978,FALSE
2010,8,SWITZERLAND,LS,395084.58,20707,FALSE
2010,8,TÜRKIYE,LT,957574.278,44800,FALSE
2010,8,UNITED KINGDOM,EG,2943545.555,107700,TRUE
2010,9,ALBANIA,LA,9341.757,958,FALSE
2010,9,ARMENIA,UD,18832.277000000002,943,FALSE
2010,9,AUSTRIA,LO,198899.61000000002,17281,FALSE
2010,9,BELGIUM,EB,352676.264,14426,FALSE
2010,9,BOSNIA AND HERZEGOVINA,LQ,4044.398,636,FALSE
2010,9,BULGARIA,LB,68113.116,3964,FALSE
2010,9,CANARY ISLANDS,GC,196691.97,12372,FALSE
2010,9,CROATIA,LD,46860.918,4526,FALSE
2010,9,CYPRUS,LC,99273.254,3151,FALSE
2010,9,CZECHIA,LK,106324.856,8672,FALSE
2010,9,DENMARK,EK,218174.479,16517,TRUE
2010,9,FINLAND,EF,169918.168,12776,FALSE
2010,9,FRANCE,LF,1682660.356,86800,FALSE
2010,9,GERMANY,ED,2521837.318,108058,FALSE
2010,9,GREECE,LG,391073.361,24008,FALSE
2010,9,HUNGARY,LH,66980.656,5301,FALSE
2010,9,ICELAND,BI,15581.645,1283,FALSE
2010,9,IRELAND,EI,182294.35,10698,FALSE
2010,9,ITALY,LI,1148608.515,81322,FALSE
2010,9,KOSOVO,BK,8962.897,688,FALSE
2010,9,LITHUANIA,EY,16178.130000000001,1675,FALSE
2010,9,LUXEMBOURG,EL,97492.462,2388,FALSE
2010,9,MALTA,LM,31749.926,1721,FALSE
2010,9,"MOLDOVA, REPUBLIC OF",LU,6732.155000000001,667,FALSE
2010,9,MONACO,LN,34,81,FALSE
2010,9,MONTENEGRO,LY,12394.166000000001,1159,FALSE
2010,9,NETHERLANDS,EH,829704.967,23957,FALSE
2010,9,NORTH MACEDONIA,LW,4289.816,535,FALSE
2010,9,NORWAY,EN,242247.197,34322,TRUE
2010,9,POLAND,EP,166098.199,13743,FALSE
2010,9,PORTUGAL,LP,300648.469,14187,TRUE
2010,9,ROMANIA,LR,86069.853,7982,FALSE
2010,9,SERBIA,LY,20761.552,2282,FALSE
2010,9,SLOVAKIA,LZ,15878.039,1730,FALSE
2010,9,SLOVENIA,LJ,13242.767,1806,FALSE
2010,9,SPAIN,LE,1340504.052,73987,FALSE
2010,9,SWEDEN,ES,252233.171,24828,FALSE
2010,9,SWITZERLAND,LS,377610.401,20952,FALSE
2010,9,TÜRKIYE,LT,866218.777,41165,FALSE
2010,9,UNITED KINGDOM,EG,2791816.504,105733,TRUE
2010,10,ALBANIA,LA,7598.978,827,FALSE
2010,10,ARMENIA,UD,18400.032,942,FALSE
2010,10,AUSTRIA,LO,194654.408,16887,FALSE
2010,10,BELGIUM,EB,366952.064,14484,FALSE
2010,10,BOSNIA AND HERZEGOVINA,LQ,3724.0660000000003,617,FALSE
2010,10,BULGARIA,LB,44630.953,2705,FALSE
2010,10,CANARY ISLANDS,GC,233351.282,13433,FALSE
2010,10,CROATIA,LD,28795.5,3340,FALSE
2010,10,CYPRUS,LC,101206.005,3232,FALSE
2010,10,CZECHIA,LK,96590.604,7995,FALSE
2010,10,DENMARK,EK,227833.953,16311,TRUE
2010,10,FINLAND,EF,177092.964,12633,FALSE
2010,10,FRANCE,LF,1671272.322,82909,FALSE
2010,10,GERMANY,ED,2587676.067,108125,FALSE
2010,10,GREECE,LG,275816.209,18943,FALSE
2010,10,HUNGARY,LH,62700.374,5028,FALSE
2010,10,ICELAND,BI,17048.668,1304,FALSE
2010,10,IRELAND,EI,177464.022,10539,FALSE
2010,10,ITALY,LI,1081340.543,75683,FALSE
2010,10,KOSOVO,BK,8114.012000000001,650,FALSE
2010,10,LITHUANIA,EY,15295.729,1623,FALSE
2010,10,LUXEMBOURG,EL,106797.996,2472,FALSE
2010,10,MALTA,LM,30015.278,1607,FALSE
2010,10,"MOLDOVA, REPUBLIC OF",LU,5880.688,621,FALSE
2010,10,MONACO,LN,27.559,71,FALSE
2010,10,MONTENEGRO,LY,6340.548000000001,846,FALSE
2010,10,NETHERLANDS,EH,854988.348,24248,FALSE
2010,10,NORTH MACEDONIA,LW,4263.327,526,FALSE
2010,10,NORWAY,EN,234482.072,33476,TRUE
2010,10,POLAND,EP,143583.979,13190,FALSE
2010,10,PORTUGAL,LP,281408.345,13684,TRUE
2010,10,ROMANIA,LR,77127.782,7334,FALSE
2010,10,SERBIA,LY,18562.267,2071,FALSE
2010,10,SLOVAKIA,LZ,11328.358,1525,FALSE
2010,10,SLOVENIA,LJ,10597.291,1652,FALSE
2010,10,SPAIN,LE,1286812.366,71935,FALSE
2010,10,SWEDEN,ES,252929.838,24441,FALSE
2010,10,SWITZERLAND,LS,392409.882,20738,FALSE
2010,10,TÜRKIYE,LT,820120.263,39318,FALSE
2010,10,UNITED KINGDOM,EG,2786870.913,102963,TRUE
2010,11,ALBANIA,LA,6064.878000000001,669,FALSE
2010,11,ARMENIA,UD,16247.712,839,FALSE
2010,11,AUSTRIA,LO,175300.305,15295,FALSE
2010,11,BELGIUM,EB,343760.811,12844,FALSE
2010,11,BOSNIA AND HERZEGOVINA,LQ,3054.512,521,FALSE
2010,11,BULGARIA,LB,30370.47,2196,FALSE
2010,11,CANARY ISLANDS,GC,250455.977,13227,FALSE
2010,11,CROATIA,LD,13401.071,2058,FALSE
2010,11,CYPRUS,LC,59631.805,2083,FALSE
2010,11,CZECHIA,LK,74323.243,6499,FALSE
2010,11,DENMARK,EK,192477.55000000002,14598,TRUE
2010,11,FINLAND,EF,167054.213,12592,FALSE
2010,11,FRANCE,LF,1518139.558,74881,FALSE
2010,11,GERMANY,ED,2298123.059,94790,FALSE
2010,11,GREECE,LG,129036.177,11589,FALSE
2010,11,HUNGARY,LH,51061.589,4363,FALSE
2010,11,ICELAND,BI,14340.509,1278,FALSE
2010,11,IRELAND,EI,139278.503,8713,FALSE
2010,11,ITALY,LI,917473.789,64493,FALSE
2010,11,KOSOVO,BK,6760.755,554,FALSE
2010,11,LITHUANIA,EY,13406.022,1496,FALSE
2010,11,LUXEMBOURG,EL,107098.296,2259,FALSE
2010,11,MALTA,LM,19573.391,1087,FALSE
2010,11,"MOLDOVA, REPUBLIC OF",LU,5282.296,545,FALSE
2010,11,MONACO,LN,6.053,15,FALSE
2010,11,MONTENEGRO,LY,4962.316,695,FALSE
2010,11,NETHERLANDS,EH,771319.394,20079,FALSE
2010,11,NORTH MACEDONIA,LW,3582.994,453,FALSE
2010,11,NORWAY,EN,208414.348,31537,TRUE
2010,11,POLAND,EP,113210.60800000001,10935,FALSE
2010,11,PORTUGAL,LP,219996.29,10856,TRUE
2010,11,ROMANIA,LR,68986.387,6679,FALSE
2010,11,SERBIA,LY,16490.915,1873,FALSE
2010,11,SLOVAKIA,LZ,8523.128,1147,FALSE
2010,11,SLOVENIA,LJ,7842.282,1343,FALSE
2010,11,SPAIN,LE,1017098.644,58480,FALSE
2010,11,SWEDEN,ES,232608.398,23168,FALSE
2010,11,SWITZERLAND,LS,352952.412,18690,FALSE
2010,11,TÜRKIYE,LT,603529.577,31325,FALSE
2010,11,UNITED KINGDOM,EG,2392432.501,86939,TRUE
2010,12,ALBANIA,LA,7869.1810000000005,810,FALSE
2010,12,ARMENIA,UD,18391.803,900,FALSE
2010,12,AUSTRIA,LO,171286.441,13952,FALSE
2010,12,BELGIUM,EB,325144.026,11555,FALSE
2010,12,BOSNIA AND HERZEGOVINA,LQ,2784.18,519,FALSE
2010,12,BULGARIA,LB,30141.777,2154,FALSE
2010,12,CANARY ISLANDS,GC,257181.348,13284,FALSE
2010,12,CROATIA,LD,12115.36,1862,FALSE
2010,12,CYPRUS,LC,50615.859,1901,FALSE
2010,12,CZECHIA,LK,71555.852,5973,FALSE
2010,12,DENMARK,EK,180873.328,12490,TRUE
2010,12,FINLAND,EF,155223.546,10080,FALSE
2010,12,FRANCE,LF,1527722.736,68610,FALSE
2010,12,GERMANY,ED,2154705.662,80220,FALSE
2010,12,GREECE,LG,126856.952,11463,FALSE
2010,12,HUNGARY,LH,48770.723,4084,FALSE
2010,12,ICELAND,BI,13062.682,1222,FALSE
2010,12,IRELAND,EI,129226.24,7797,FALSE
2010,12,ITALY,LI,912267.171,61692,FALSE
2010,12,KOSOVO,BK,8510.948,686,FALSE
2010,12,LITHUANIA,EY,12395.091,1426,FALSE
2010,12,LUXEMBOURG,EL,100318.541,1953,FALSE
2010,12,MALTA,LM,20768.267,1098,FALSE
2010,12,"MOLDOVA, REPUBLIC OF",LU,5420.312,526,FALSE
2010,12,MONACO,LN,8.121,20,FALSE
2010,12,MONTENEGRO,LY,5181.341,675,FALSE
2010,12,NETHERLANDS,EH,752856.905,17485,FALSE
2010,12,NORTH MACEDONIA,LW,3831.7850000000003,461,FALSE
2010,12,NORWAY,EN,184298.442,27187,TRUE
2010,12,POLAND,EP,111317.316,10306,FALSE
2010,12,PORTUGAL,LP,230680.334,11250,TRUE
2010,12,ROMANIA,LR,64253.563,6021,FALSE
2010,12,SERBIA,LY,16917.791,1836,FALSE
2010,12,SLOVAKIA,LZ,7317.834000000001,1098,FALSE
2010,12,SLOVENIA,LJ,7576.349,1285,FALSE
2010,12,SPAIN,LE,966345.353,52711,FALSE
2010,12,SWEDEN,ES,223193.118,19833,FALSE
2010,12,SWITZERLAND,LS,365357.636,18338,FALSE
2010,12,TÜRKIYE,LT,555888.727,29510,FALSE
2010,12,UNITED KINGDOM,EG,2280235.028,77217,TRUE
